id,title,difficulty,category,leetcode_url,note_path,status
1,两数之和,简单,哈希,https://leetcode.cn/problems/two-sum/,题目/01-哈希/0001-两数之和.md,todo
49,字母异位词分组,中等,哈希,https://leetcode.cn/problems/group-anagrams/,题目/01-哈希/0049-字母异位词分组.md,todo
128,最长连续序列,中等,哈希,https://leetcode.cn/problems/longest-consecutive-sequence/,题目/01-哈希/0128-最长连续序列.md,todo
283,移动零,简单,双指针,https://leetcode.cn/problems/move-zeroes/,题目/02-双指针/0283-移动零.md,todo
11,盛最多水的容器,中等,双指针,https://leetcode.cn/problems/container-with-most-water/,题目/02-双指针/0011-盛最多水的容器.md,todo
15,三数之和,中等,双指针,https://leetcode.cn/problems/3sum/,题目/02-双指针/0015-三数之和.md,todo
42,接雨水,困难,双指针,https://leetcode.cn/problems/trapping-rain-water/,题目/02-双指针/0042-接雨水.md,todo
3,无重复字符的最长子串,中等,滑动窗口,https://leetcode.cn/problems/longest-substring-without-repeating-characters/,题目/03-滑动窗口/0003-无重复字符的最长子串.md,todo
438,找到字符串中所有字母异位词,中等,滑动窗口,https://leetcode.cn/problems/find-all-anagrams-in-a-string/,题目/03-滑动窗口/0438-找到字符串中所有字母异位词.md,todo
560,和为 K 的子数组,中等,子串,https://leetcode.cn/problems/subarray-sum-equals-k/,题目/04-子串/0560-和为 K 的子数组.md,todo
239,滑动窗口最大值,困难,子串,https://leetcode.cn/problems/sliding-window-maximum/,题目/04-子串/0239-滑动窗口最大值.md,todo
76,最小覆盖子串,困难,子串,https://leetcode.cn/problems/minimum-window-substring/,题目/04-子串/0076-最小覆盖子串.md,todo
53,最大子数组和,中等,普通数组,https://leetcode.cn/problems/maximum-subarray/,题目/05-普通数组/0053-最大子数组和.md,todo
56,合并区间,中等,普通数组,https://leetcode.cn/problems/merge-intervals/,题目/05-普通数组/0056-合并区间.md,todo
189,轮转数组,中等,普通数组,https://leetcode.cn/problems/rotate-array/,题目/05-普通数组/0189-轮转数组.md,todo
238,除自身以外数组的乘积,中等,普通数组,https://leetcode.cn/problems/product-of-array-except-self/,题目/05-普通数组/0238-除自身以外数组的乘积.md,todo
41,缺失的第一个正数,困难,普通数组,https://leetcode.cn/problems/first-missing-positive/,题目/05-普通数组/0041-缺失的第一个正数.md,todo
73,矩阵置零,中等,矩阵,https://leetcode.cn/problems/set-matrix-zeroes/,题目/06-矩阵/0073-矩阵置零.md,todo
54,螺旋矩阵,中等,矩阵,https://leetcode.cn/problems/spiral-matrix/,题目/06-矩阵/0054-螺旋矩阵.md,todo
48,旋转图像,中等,矩阵,https://leetcode.cn/problems/rotate-image/,题目/06-矩阵/0048-旋转图像.md,todo
240,搜索二维矩阵 II,中等,矩阵,https://leetcode.cn/problems/search-a-2d-matrix-ii/,题目/06-矩阵/0240-搜索二维矩阵 II.md,todo
160,相交链表,简单,链表,https://leetcode.cn/problems/intersection-of-two-linked-lists/,题目/07-链表/0160-相交链表.md,todo
206,反转链表,简单,链表,https://leetcode.cn/problems/reverse-linked-list/,题目/07-链表/0206-反转链表.md,todo
234,回文链表,简单,链表,https://leetcode.cn/problems/palindrome-linked-list/,题目/07-链表/0234-回文链表.md,todo
141,环形链表,简单,链表,https://leetcode.cn/problems/linked-list-cycle/,题目/07-链表/0141-环形链表.md,todo
142,环形链表 II,中等,链表,https://leetcode.cn/problems/linked-list-cycle-ii/,题目/07-链表/0142-环形链表 II.md,todo
21,合并两个有序链表,简单,链表,https://leetcode.cn/problems/merge-two-sorted-lists/,题目/07-链表/0021-合并两个有序链表.md,todo
2,两数相加,中等,链表,https://leetcode.cn/problems/add-two-numbers/,题目/07-链表/0002-两数相加.md,todo
19,删除链表的倒数第 N 个结点,中等,链表,https://leetcode.cn/problems/remove-nth-node-from-end-of-list/,题目/07-链表/0019-删除链表的倒数第 N 个结点.md,todo
24,两两交换链表中的节点,中等,链表,https://leetcode.cn/problems/swap-nodes-in-pairs/,题目/07-链表/0024-两两交换链表中的节点.md,todo
25,K 个一组翻转链表,困难,链表,https://leetcode.cn/problems/reverse-nodes-in-k-group/,题目/07-链表/0025-K 个一组翻转链表.md,todo
138,随机链表的复制,中等,链表,https://leetcode.cn/problems/copy-list-with-random-pointer/,题目/07-链表/0138-随机链表的复制.md,todo
148,排序链表,中等,链表,https://leetcode.cn/problems/sort-list/,题目/07-链表/0148-排序链表.md,todo
23,合并 K 个升序链表,困难,链表,https://leetcode.cn/problems/merge-k-sorted-lists/,题目/07-链表/0023-合并 K 个升序链表.md,todo
146,LRU 缓存,中等,链表,https://leetcode.cn/problems/lru-cache/,题目/07-链表/0146-LRU 缓存.md,todo
94,二叉树的中序遍历,简单,二叉树,https://leetcode.cn/problems/binary-tree-inorder-traversal/,题目/08-二叉树/0094-二叉树的中序遍历.md,todo
104,二叉树的最大深度,简单,二叉树,https://leetcode.cn/problems/maximum-depth-of-binary-tree/,题目/08-二叉树/0104-二叉树的最大深度.md,todo
226,翻转二叉树,简单,二叉树,https://leetcode.cn/problems/invert-binary-tree/,题目/08-二叉树/0226-翻转二叉树.md,todo
101,对称二叉树,简单,二叉树,https://leetcode.cn/problems/symmetric-tree/,题目/08-二叉树/0101-对称二叉树.md,todo
543,二叉树的直径,简单,二叉树,https://leetcode.cn/problems/diameter-of-binary-tree/,题目/08-二叉树/0543-二叉树的直径.md,todo
102,二叉树的层序遍历,中等,二叉树,https://leetcode.cn/problems/binary-tree-level-order-traversal/,题目/08-二叉树/0102-二叉树的层序遍历.md,todo
108,将有序数组转换为二叉搜索树,简单,二叉树,https://leetcode.cn/problems/convert-sorted-array-to-binary-search-tree/,题目/08-二叉树/0108-将有序数组转换为二叉搜索树.md,todo
98,验证二叉搜索树,中等,二叉树,https://leetcode.cn/problems/validate-binary-search-tree/,题目/08-二叉树/0098-验证二叉搜索树.md,todo
230,二叉搜索树中第 K 小的元素,中等,二叉树,https://leetcode.cn/problems/kth-smallest-element-in-a-bst/,题目/08-二叉树/0230-二叉搜索树中第 K 小的元素.md,todo
199,二叉树的右视图,中等,二叉树,https://leetcode.cn/problems/binary-tree-right-side-view/,题目/08-二叉树/0199-二叉树的右视图.md,todo
114,二叉树展开为链表,中等,二叉树,https://leetcode.cn/problems/flatten-binary-tree-to-linked-list/,题目/08-二叉树/0114-二叉树展开为链表.md,todo
105,从前序与中序遍历序列构造二叉树,中等,二叉树,https://leetcode.cn/problems/construct-binary-tree-from-preorder-and-inorder-traversal/,题目/08-二叉树/0105-从前序与中序遍历序列构造二叉树.md,todo
437,路径总和 III,中等,二叉树,https://leetcode.cn/problems/path-sum-iii/,题目/08-二叉树/0437-路径总和 III.md,todo
236,二叉树的最近公共祖先,中等,二叉树,https://leetcode.cn/problems/lowest-common-ancestor-of-a-binary-tree/,题目/08-二叉树/0236-二叉树的最近公共祖先.md,todo
124,二叉树中的最大路径和,困难,二叉树,https://leetcode.cn/problems/binary-tree-maximum-path-sum/,题目/08-二叉树/0124-二叉树中的最大路径和.md,todo
200,岛屿数量,中等,图论,https://leetcode.cn/problems/number-of-islands/,题目/09-图论/0200-岛屿数量.md,todo
994,腐烂的橘子,中等,图论,https://leetcode.cn/problems/rotting-oranges/,题目/09-图论/0994-腐烂的橘子.md,todo
207,课程表,中等,图论,https://leetcode.cn/problems/course-schedule/,题目/09-图论/0207-课程表.md,todo
208,实现 Trie（前缀树）,中等,图论,https://leetcode.cn/problems/implement-trie-prefix-tree/,题目/09-图论/0208-实现 Trie（前缀树）.md,todo
46,全排列,中等,回溯,https://leetcode.cn/problems/permutations/,题目/10-回溯/0046-全排列.md,todo
78,子集,中等,回溯,https://leetcode.cn/problems/subsets/,题目/10-回溯/0078-子集.md,todo
17,电话号码的字母组合,中等,回溯,https://leetcode.cn/problems/letter-combinations-of-a-phone-number/,题目/10-回溯/0017-电话号码的字母组合.md,todo
39,组合总和,中等,回溯,https://leetcode.cn/problems/combination-sum/,题目/10-回溯/0039-组合总和.md,todo
22,括号生成,中等,回溯,https://leetcode.cn/problems/generate-parentheses/,题目/10-回溯/0022-括号生成.md,todo
79,单词搜索,中等,回溯,https://leetcode.cn/problems/word-search/,题目/10-回溯/0079-单词搜索.md,todo
131,分割回文串,中等,回溯,https://leetcode.cn/problems/palindrome-partitioning/,题目/10-回溯/0131-分割回文串.md,todo
51,N 皇后,困难,回溯,https://leetcode.cn/problems/n-queens/,题目/10-回溯/0051-N 皇后.md,todo
35,搜索插入位置,简单,二分查找,https://leetcode.cn/problems/search-insert-position/,题目/11-二分查找/0035-搜索插入位置.md,todo
74,搜索二维矩阵,中等,二分查找,https://leetcode.cn/problems/search-a-2d-matrix/,题目/11-二分查找/0074-搜索二维矩阵.md,todo
34,在排序数组中查找元素的第一个和最后一个位置,中等,二分查找,https://leetcode.cn/problems/find-first-and-last-position-of-element-in-sorted-array/,题目/11-二分查找/0034-在排序数组中查找元素的第一个和最后一个位置.md,todo
33,搜索旋转排序数组,中等,二分查找,https://leetcode.cn/problems/search-in-rotated-sorted-array/,题目/11-二分查找/0033-搜索旋转排序数组.md,todo
153,寻找旋转排序数组中的最小值,中等,二分查找,https://leetcode.cn/problems/find-minimum-in-rotated-sorted-array/,题目/11-二分查找/0153-寻找旋转排序数组中的最小值.md,todo
4,寻找两个正序数组的中位数,困难,二分查找,https://leetcode.cn/problems/median-of-two-sorted-arrays/,题目/11-二分查找/0004-寻找两个正序数组的中位数.md,todo
20,有效的括号,简单,栈,https://leetcode.cn/problems/valid-parentheses/,题目/12-栈/0020-有效的括号.md,todo
155,最小栈,中等,栈,https://leetcode.cn/problems/min-stack/,题目/12-栈/0155-最小栈.md,todo
394,字符串解码,中等,栈,https://leetcode.cn/problems/decode-string/,题目/12-栈/0394-字符串解码.md,todo
739,每日温度,中等,栈,https://leetcode.cn/problems/daily-temperatures/,题目/12-栈/0739-每日温度.md,todo
84,柱状图中最大的矩形,困难,栈,https://leetcode.cn/problems/largest-rectangle-in-histogram/,题目/12-栈/0084-柱状图中最大的矩形.md,todo
215,数组中的第 K 个最大元素,中等,堆,https://leetcode.cn/problems/kth-largest-element-in-an-array/,题目/13-堆/0215-数组中的第 K 个最大元素.md,todo
347,前 K 个高频元素,中等,堆,https://leetcode.cn/problems/top-k-frequent-elements/,题目/13-堆/0347-前 K 个高频元素.md,todo
295,数据流的中位数,困难,堆,https://leetcode.cn/problems/find-median-from-data-stream/,题目/13-堆/0295-数据流的中位数.md,todo
121,买卖股票的最佳时机,简单,贪心,https://leetcode.cn/problems/best-time-to-buy-and-sell-stock/,题目/14-贪心/0121-买卖股票的最佳时机.md,todo
55,跳跃游戏,中等,贪心,https://leetcode.cn/problems/jump-game/,题目/14-贪心/0055-跳跃游戏.md,todo
45,跳跃游戏 II,中等,贪心,https://leetcode.cn/problems/jump-game-ii/,题目/14-贪心/0045-跳跃游戏 II.md,todo
763,划分字母区间,中等,贪心,https://leetcode.cn/problems/partition-labels/,题目/14-贪心/0763-划分字母区间.md,todo
70,爬楼梯,简单,动态规划,https://leetcode.cn/problems/climbing-stairs/,题目/15-动态规划/0070-爬楼梯.md,todo
118,杨辉三角,简单,动态规划,https://leetcode.cn/problems/pascals-triangle/,题目/15-动态规划/0118-杨辉三角.md,todo
198,打家劫舍,中等,动态规划,https://leetcode.cn/problems/house-robber/,题目/15-动态规划/0198-打家劫舍.md,todo
279,完全平方数,中等,动态规划,https://leetcode.cn/problems/perfect-squares/,题目/15-动态规划/0279-完全平方数.md,todo
322,零钱兑换,中等,动态规划,https://leetcode.cn/problems/coin-change/,题目/15-动态规划/0322-零钱兑换.md,todo
139,单词拆分,中等,动态规划,https://leetcode.cn/problems/word-break/,题目/15-动态规划/0139-单词拆分.md,todo
300,最长递增子序列,中等,动态规划,https://leetcode.cn/problems/longest-increasing-subsequence/,题目/15-动态规划/0300-最长递增子序列.md,todo
152,乘积最大子数组,中等,动态规划,https://leetcode.cn/problems/maximum-product-subarray/,题目/15-动态规划/0152-乘积最大子数组.md,todo
416,分割等和子集,中等,动态规划,https://leetcode.cn/problems/partition-equal-subset-sum/,题目/15-动态规划/0416-分割等和子集.md,todo
62,不同路径,中等,多维动态规划,https://leetcode.cn/problems/unique-paths/,题目/16-多维动态规划/0062-不同路径.md,todo
64,最小路径和,中等,多维动态规划,https://leetcode.cn/problems/minimum-path-sum/,题目/16-多维动态规划/0064-最小路径和.md,todo
5,最长回文子串,中等,多维动态规划,https://leetcode.cn/problems/longest-palindromic-substring/,题目/16-多维动态规划/0005-最长回文子串.md,todo
1143,最长公共子序列,中等,多维动态规划,https://leetcode.cn/problems/longest-common-subsequence/,题目/16-多维动态规划/1143-最长公共子序列.md,todo
72,编辑距离,中等,多维动态规划,https://leetcode.cn/problems/edit-distance/,题目/16-多维动态规划/0072-编辑距离.md,todo
32,最长有效括号,困难,多维动态规划,https://leetcode.cn/problems/longest-valid-parentheses/,题目/16-多维动态规划/0032-最长有效括号.md,todo
136,只出现一次的数字,简单,技巧,https://leetcode.cn/problems/single-number/,题目/17-技巧/0136-只出现一次的数字.md,todo
169,多数元素,简单,技巧,https://leetcode.cn/problems/majority-element/,题目/17-技巧/0169-多数元素.md,todo
75,颜色分类,中等,技巧,https://leetcode.cn/problems/sort-colors/,题目/17-技巧/0075-颜色分类.md,todo
31,下一个排列,中等,技巧,https://leetcode.cn/problems/next-permutation/,题目/17-技巧/0031-下一个排列.md,todo
287,寻找重复数,中等,技巧,https://leetcode.cn/problems/find-the-duplicate-number/,题目/17-技巧/0287-寻找重复数.md,todo
